<?xml version="1.0" encoding="UTF-8"?>
<project-private xmlns="http://www.netbeans.org/ns/project-private/1">
    <editor-bookmarks xmlns="http://www.netbeans.org/ns/editor-bookmarks/2" lastBookmarkId="0"/>
    <open-files xmlns="http://www.netbeans.org/ns/projectui-open-files/2">
        <group>
            <file>file:/C:/Users/delac/OneDrive/Documentos/NetBeansProjects/SistemaVentasJava/src/vistas/VentasForm.java</file>
            <file>file:/C:/Users/delac/OneDrive/Documentos/NetBeansProjects/SistemaVentasJava/src/Modelo/Producto.java</file>
            <file>file:/C:/Users/delac/OneDrive/Documentos/NetBeansProjects/SistemaVentasJava/src/Modelo/ProductoDAO.java</file>
            <file>file:/C:/Users/delac/OneDrive/Documentos/NetBeansProjects/SistemaVentasJava/src/Modelo/ConexionBD.java</file>
            <file>file:/C:/Users/delac/OneDrive/Documentos/NetBeansProjects/SistemaVentasJava/src/vistas/Principal.java</file>
        </group>
    </open-files>
</project-private>
